`shop_version``stu`

CREATE DATABASE xiaomi

--------------------------------------
#用户类型表

CREATE TABLE USER_type(
t_id INT PRIMARY KEY AUTO_INCREMENT,
t_name VARCHAR(20) NOT NULL
)
#用户表
CREATE TABLE USER(
u_id INT PRIMARY KEY AUTO_INCREMENT,
u_name VARCHAR(20) NOT NULL,
u_pwd VARCHAR(50) NOT NULL,
u_phone VARCHAR(11),
u_email VARCHAR(30),
t_id INT
)

#个人信息表
CREATE TABLE personal(
u_id INT PRIMARY KEY,
p_Nname VARCHAR(50),
p_sign  VARCHAR(100),
p_hobby VARCHAR(100),
p_url VARCHAR(100)
)
#添加外键 参考用户id 一个用户 一个 个人信息
ALTER TABLE personal
ADD CONSTRAINT FOREIGN KEY(u_id) REFERENCES USER(u_id)
------------------------------------------------------------------
#商品类型
CREATE TABLE shop_type(
st_id INT PRIMARY KEY AUTO_INCREMENT,
st_name VARCHAR(50)
)
#商品
CREATE TABLE shop(
s_id INT PRIMARY KEY AUTO_INCREMENT,
s_name VARCHAR(50),
s_intro VARCHAR(200),
s_img VARCHAR(30),
s_color VARCHAR(20),
s_price DOUBLE,     
st_id INT,
CONSTRAINT FOREIGN KEY(st_id) REFERENCES shop_type(st_id) 
)
#版本
CREATE TABLE shop_version(
sv_id INT PRIMARY KEY AUTO_INCREMENT,
sv_name VARCHAR(50),
sv_price DOUBLE,
s_id INT,
CONSTRAINT FOREIGN KEY (s_id) REFERENCES shop(s_id) 
)

#订单
CREATE  TABLE order_(
ord_id INT PRIMARY KEY AUTO_INCREMENT,
ord_number VARCHAR(30),
ord_state VARCHAR(10) DEFAULT '未发货',
ord_date DATE,
s_img VARCHAR(30),
sumprice DOUBLE,
u_id INT NOT NULL,
CONSTRAINT fk_or FOREIGN KEY (u_id) REFERENCES USER(u_id)
)
DROP TABLE order_
#购物车
CREATE TABLE shop_cart(
sc_id INT PRIMARY KEY AUTO_INCREMENT,
s_name VARCHAR(50),
s_img VARCHAR(30),
sv_name VARCHAR(50),
sv_price DOUBLE,
u_id INT NOT NULL,
CONSTRAINT fk_u FOREIGN KEY (u_id) REFERENCES USER(u_id)
)
-------------------------插入数据
INSERT INTO USER VALUES(1,'two','123123','13001000100','1581139533@qq.com',1)


-------------------------插入版本数据
INSERT INTO shop_version(sv_name,sv_price,s_id) VALUES('全网通64G',2499.00,1),
('全网通128G',2599.00,1),
('全网通64G',1499.00,2),
('全网通128G',1599.00,2),
('全网通64G',2799.00,3),
('全网通128G',2899.00,3),
('全网通64G',3499.00,4),
('全网通128G',3599.00,4),
('全网通64G',1999.00,5),
('全网通128G',2099.00,5),
('全网通64G',1899.00,6),
('全网通128G',1999.00,6),
('全网通64G',1799.00,7),
('全网通128G',1899.00,7),
('全网通64G',1499.00,8),
('全网通128G',1599.00,8),
('全网通64G',1399.00,9),
('全网通128G',1499.00,9),
('全网通64G',1299.00,10),
('全网通128G',1399.00,10),
('全网通64G',999.00,11),
('全网通128G',1099.00,11),
('全网通64G',1000.00,12),
('全网通128G',1100.00,12),
('全网通64G',288.00,13),
('全网通128G',388.00,13),
('全网通64G',100.00,14),
('全网通128G',200.00,14),
('全网通64G',2499.00,15),
('全网通128G',2599.00,15),
('全网通64G',1499.00,16),
('全网通128G',1599.00,16),
('全网通64G',2799.00,17),
('全网通128G',2899.00,17),
('全网通64G',3499.00,18),
('全网通128G',3599.00,18),
('全网通64G',1999.00,19),
('全网通128G',2099.00,19),
('全网通64G',1899.00,20),
('全网通128G',1999.00,20),
('全网通64G',1799.00,21),
('全网通128G',1899.00,21),
('全网通64G',1499.00,22),
('全网通128G',1599.00,22),
('全网通64G',1399.00,23),
('全网通128G',1499.00,23),
('全网通64G',1299.00,24),
('全网通128G',1399.00,24),
('全网通64G',999.00,25),
('全网通128G',1099.00,25),
('全网通64G',1000.00,26),
('全网通128G',1100.00,26),
('全网通64G',2499.00,27),
('全网通128G',2599.00,27),
('全网通64G',1499.00,28),
('全网通128G',1599.00,28),
('全网通64G',2799.00,29),
('全网通128G',2899.00,29),
('全网通64G',3499.00,30),
('全网通128G',3599.00,30),
('全网通64G',1999.00,31),
('全网通128G',2099.00,31),
('全网通64G',1899.00,32),
('全网通128G',1999.00,32),
('全网通64G',1799.00,33),
('全网通128G',1899.00,33),
('全网通64G',1499.00,34),
('全网通128G',1599.00,34),
('全网通64G',1399.00,35),
('全网通128G',1499.00,35),
('全网通64G',1299.00,36),
('全网通128G',1399.00,36),
('全网通64G',999.00,37),
('全网通128G',1099.00,37),
('全网通64G',99.00,38),
('全网通128G',199.00,38),
('全网通64G',99.00,39),
('全网通128G',199.00,39),
('全网通64G',199.00,40),
('全网通128G',299.00,40),
('全网通64G',249.00,41),
('全网通128G',349.00,41),
('全网通64G',499.00,42),
('全网通128G',599.00,42),
('全网通64G',169.00,43),
('全网通128G',269.00,43),
('全网通64G',79.00,44),
('全网通128G',179.00,44),
('全网通64G',49.00,45),
('全网通128G',59.00,45),
('全网通64G',249.00,46),
('全网通128G',349.00,46),
('全网通64G',49.00,47),
('全网通128G',59.00,47),
('全网通64G',69.00,48),
('全网通128G',69.00,48),
('全网通64G',2499.00,49),
('全网通128G',3499.00,49),
('全网通64G',2499.00,50),
('全网通128G',2599.00,50),
('全网通64G',1499.00,51),
('全网通128G',1599.00,51),
('全网通64G',2799.00,52),
('全网通128G',2899.00,52),
('全网通64G',3499.00,53),
('全网通128G',3599.00,53),
('全网通64G',1999.00,54),
('全网通128G',2099.00,54),
('全网通64G',1899.00,55),
('全网通128G',1999.00,55),
('全网通64G',1799.00,56),
('全网通128G',1899.00,56),
('全网通64G',1499.00,57),
('全网通128G',1599.00,57),
('全网通64G',1399.00,58),
('全网通128G',1499.00,58),
('全网通64G',1299.00,59),
('全网通128G',1399.00,59),
('全网通64G',999.00,60),
('全网通128G',1099.00,60),
('全网通64G',1000.00,61),
('全网通128G',1100.00,61),
('全网通64G',2499.00,62),
('全网通128G',2599.00,62),
('全网通64G',1499.00,63),
('全网通128G',1599.00,63),
('全网通64G',2799.00,64),
('全网通128G',2899.00,64),
('全网通64G',3499.00,65),
('全网通128G',3599.00,65),
('全网通64G',1999.00,66),
('全网通128G',2099.00,66),
('全网通64G',1899.00,67),
('全网通128G',1999.00,67),
('全网通64G',2499.00,68),
('全网通128G',2599.00,68),
('全网通64G',1499.00,69),
('全网通128G',1599.00,69),
('全网通64G',2799.00,70),
('全网通128G',2899.00,70),
('全网通64G',3499.00,71),
('全网通128G',3599.00,71),
('全网通64G',1999.00,72),
('全网通128G',2099.00,72),
('全网通64G',1899.00,73),
('全网通128G',1999.00,73),
('全网通64G',2499.00,74),
('全网通128G',2599.00,74),
('全网通64G',1499.00,75),
('全网通128G',1599.00,75),
('全网通64G',2799.00,76),
('全网通128G',2899.00,76),
('全网通64G',3499.00,77),
('全网通128G',3599.00,77),
('全网通64G',1999.00,78),
('全网通128G',2099.00,78),
('全网通64G',1899.00,79),
('全网通128G',1999.00,79),
('全网通64G',2499.00,80),
('全网通128G',2599.00,80),
('全网通64G',1499.00,81),
('全网通128G',1599.00,81),
('全网通64G',2799.00,82),
('全网通128G',2899.00,82),
('全网通64G',3499.00,83),
('全网通128G',3599.00,83),
('全网通64G',1999.00,84),
('全网通128G',2099.00,84),
('全网通64G',1899.00,85),
('全网通128G',1999.00,85),
('全网通64G',2499.00,86),
('全网通128G',2599.00,86),
('全网通64G',1499.00,87),
('全网通128G',1599.00,87),
('全网通64G',2799.00,88),
('全网通128G',2899.00,88),
('全网通64G',3499.00,89),
('全网通128G',3599.00,89),
('全网通64G',1999.00,90),
('全网通128G',2099.00,90),
('全网通64G',1899.00,91),
('全网通128G',1999.00,91),
('全网通64G',2499.00,92),
('全网通128G',2599.00,92),
('全网通64G',1499.00,93),
('全网通128G',1599.00,93),
('全网通64G',2799.00,94),
('全网通128G',2899.00,94),
('全网通64G',3499.00,95),
('全网通128G',3599.00,95),
('全网通64G',1999.00,96),
('全网通128G',2099.00,96),
('全网通64G',1899.00,97),
('全网通128G',1999.00,97),
('全网通64G',2499.00,98),
('全网通128G',2599.00,98),
('全网通64G',1499.00,99),
('全网通128G',1599.00,99),
('全网通64G',2799.00,100),
('全网通128G',2899.00,100),
('全网通64G',3499.00,101),
('全网通128G',3599.00,101),
('全网通64G',1999.00,102),
('全网通128G',2099.00,102),
('全网通64G',1899.00,103),
('全网通128G',1999.00,103),
('全网通64G',1799.00,104),
('全网通128G',1899.00,104),
('全网通64G',1499.00,105),
('全网通128G',1599.00,105),
('全网通64G',1399.00,106),
('全网通128G',1499.00,106),
('全网通64G',1299.00,107),
('全网通128G',1399.00,107);
-------------------------插入商品类型 shop_type
INSERT INTO shop_type VALUES(1,'手机')
INSERT INTO shop_type VALUES(2,'电话卡')
INSERT INTO shop_type VALUES(3,'笔记本')
INSERT INTO shop_type VALUES(4,'平板')
INSERT INTO shop_type VALUES(5,'电视')
INSERT INTO shop_type VALUES(6,'盒子')
INSERT INTO shop_type VALUES(7,'路由器')
INSERT INTO shop_type VALUES(8,'智能硬件')
INSERT INTO shop_type VALUES(9,'移动电源')
INSERT INTO shop_type VALUES(10,'电池')
INSERT INTO shop_type VALUES(11,'插线板')
INSERT INTO shop_type VALUES(12,'耳机')
INSERT INTO shop_type VALUES(13,'音箱')
INSERT INTO shop_type VALUES(14,'保护套')
INSERT INTO shop_type VALUES(15,'贴膜')
INSERT INTO shop_type VALUES(16,'线材')
INSERT INTO shop_type VALUES(17,'支架')
INSERT INTO shop_type VALUES(18,'储存卡')
INSERT INTO shop_type VALUES(19,'箱包')
INSERT INTO shop_type VALUES(20,'服饰')
INSERT INTO shop_type VALUES(21,'鞋')
INSERT INTO shop_type VALUES(22,'眼镜')
INSERT INTO shop_type VALUES(23,'米兔')
INSERT INTO shop_type VALUES(24,'生活周边')
INSERT INTO shop_type VALUES(25,'红米')
--------------------------商品信息表 shop   `shop`           1  2
INSERT INTO shop(s_name,s_intro,s_img,s_color,s_price,st_id) VALUES('小米6','变焦双摄，4轴防抖骁龙835 旗舰处理器','liebiao_xiaomi6.jpg','亮黑色',2499.00,1),
('小米5c','Xiaomi/小米 小米手机5c ','liebiao_xiaomi5c.jpg','粉色',1499.00,1),
('小米Note2','小米note2全屏防摔','liebiao_xiaomint2.jpg','银灰色',2799.00,1),
('小米MIX','Xiaomi/小米 小米mix','liebiao_xiaomimix.jpg','亮黑色',3499.00,1),
('小米5s','Xiaomi/小米 小米手机5s','liebiao_xiaomi5s.jpg','亮黑色',1999.00,1),
('小米5s Plus','Xiaomi/小米 ','xm5Splus.jpg','银白色',1899.00,1),
('小米5','【64G低至988元起】','xm5-80.jpg','银白色',1799.00,2),
('小米Note4','小米note4','hmn4x80.png','蓝色',1499.00,2),
('红米Note-4','红米NOTE4','hmnote4-80.jpg','白色',1399.00,2),
('红米4x','适用红米4x','hm4x_80.png','白色',1299.00,2),
('红米4','红米4全屏','hm4-80.jpg','白色',999,2),
('红米4A','红米4A-人脸解锁Xiaomi/小米','hm4A-80.jpg','粉色',1000.00,2),
('对比手机','手机对比','compare.jpg','无色',288.00,2),
('小米移动 电话卡','「吃到饱」日租1元起，流量自由任性用「任我行」低门槛月租，国内通话0.1元/分钟','mim`shop_type`.jpg','橘色',100.00,2),
# 3   4
('小米6','变焦双摄，4轴防抖骁龙835 旗舰处理器','liebiao_xiaomi6.jpg','亮黑色',2499.00,3),
('小米5c','Xiaomi/小米 小米手机5c ','liebiao_xiaomi5c.jpg','粉色',1499.00,3),
('小米Note2','小米note2全屏防摔','liebiao_xiaomint2.jpg','银灰色',2799.00,3),
('小米MIX','Xiaomi/小米 小米mix','liebiao_xiaomimix.jpg','亮黑色',3499.00,3),
('小米5s','Xiaomi/小米 小米手机5s','liebiao_xiaomi5s.jpg','亮黑色',1999.00,3),
('小米5s Plus','Xiaomi/小米 ','xm5Splus.jpg','银白色',1899.00,3),
('小米5','【64G低至988元起】','xm5-80.jpg','银白色',1799.00,4),
('小米Note4','小米note4','hmn4x80.png','蓝色',1499.00,4),
('红米Note-4','红米NOTE4','hmnote4-80.jpg','白色',1399.00,4),
('红米4x','适用红米4x','hm4x_80.png','白色',1299.00,4),
('红米4','红米4全屏','hm4-80.jpg','白色',999,4),
('红米4A','红米4A-人脸解锁Xiaomi/小米','hm4A-80.jpg','粉色',1000.00,4),
#5   6
('小米6','变焦双摄，4轴防抖骁龙835 旗舰处理器','liebiao_xiaomi6.jpg','亮黑色',2499.00,5),
('小米5c','Xiaomi/小米 小米手机5c ','liebiao_xiaomi5c.jpg','粉色',1499.00,5),
('小米Note2','小米note2全屏防摔','liebiao_xiaomint2.jpg','银灰色',2799.00,5),
('小米MIX','Xiaomi/小米 小米mix','liebiao_xiaomimix.jpg','亮黑色',3499.00,5),
('小米5s','Xiaomi/小米 小米手机5s','liebiao_xiaomi5s.jpg','亮黑色',1999.00,5),
('小米5s Plus','Xiaomi/小米 ','xm5Splus.jpg','银白色',1899.00,5),
('小米5','【64G低至988元起】','xm5-80.jpg','银白色',1799.00,6),
('小米Note4','小米note4','hmn4x80.png','蓝色',1499.00,6),
('红米Note-4','红米NOTE4','hmnote4-80.jpg','白色',1399.00,6),
('红米4x','适用红米4x','hm4x_80.png','白色',1299.00,6),
('红米4','红米4全屏','hm4-80.jpg','白色',999,6),
# 7    8
('小米路由器4Q','MiNET 一键快连智能设备 ','4Q.jpg','蓝色',99.00,7),
('小米路由器4C','高增益天线，信号更强','4c.jpg','白色',99.00,7),
('小米路由器4','光纤级全千兆智能路由器','4.jpg','白色',199.00,7),
('小米路由器3G','双核双千兆 光纤级旗舰路由器','3G.jpg','亮黑色',249.00,7),
('小米路由器 HD / Pro','全新一代智能家庭中心','Pro.jpg','亮黑色',499.00,7),
('小米WiFi电力猫','有插座的地方 就有WiFi','mzm.jpg','银白色',169.00,7),
('小米WiFi放大器 Pro','2X2外置天线，极速配对，300Mbps强电版','fdPro.jpg','银白色',79.00,8),
('小米WiFi放大器 2','适配主流路由器 / 两步完成设置 / 性能媲美主流路由器','2.jpg','蓝色',49.00,8),
('小米WiFi电力猫套装','电力猫子猫需搭配电力猫主猫使用','mzmt.jpg','白色',249.00,8),
('米家无线开关','搭配米家多功能网关 / 自定义开关其他智能家居','kg.jpg','白色',49.00,8),
('米家人体传感器','搭配米家多功能网关 / 智能探测人或宠物移动','cg.jpg','白色',59.00,8),
('米家智能插座（Zigbee版）','实际功率检测过载保护定时开关','cz.jpg','粉色',69.00,8),
# 9   10    11
('小米6','变焦双摄，4轴防抖骁龙835 旗舰处理器','liebiao_xiaomi6.jpg','亮黑色',2499.00,9),
('小米5c','Xiaomi/小米 小米手机5c ','liebiao_xiaomi5c.jpg','粉色',1499.00,9),
('小米Note2','小米note2全屏防摔','liebiao_xiaomint2.jpg','银灰色',2799.00,9),
('小米MIX','Xiaomi/小米 小米mix','liebiao_xiaomimix.jpg','亮黑色',3499.00,9),
('小米5s','Xiaomi/小米 小米手机5s','liebiao_xiaomi5s.jpg','亮黑色',1999.00,10),
('小米5s Plus','Xiaomi/小米 ','xm5Splus.jpg','银白色',1899.00,10),
('小米5','【64G低至988元起】','xm5-80.jpg','银白色',1799.00,10),
('小米Note4','小米note4','hmn4x80.png','蓝色',1499.00,10),
('红米Note-4','红米NOTE4','hmnote4-80.jpg','白色',1399.00,11),
('红米4x','适用红米4x','hm4x_80.png','白色',1299.00,11),
('红米4','红米4全屏','hm4-80.jpg','白色',999,11),
('红米4A','红米4A-人脸解锁Xiaomi/小米','hm4A-80.jpg','粉色',1000.00,11),
#12    13
('小米6','变焦双摄，4轴防抖骁龙835 旗舰处理器','liebiao_xiaomi6.jpg','亮黑色',2499.00,12),
('小米5c','Xiaomi/小米 小米手机5c ','liebiao_xiaomi5c.jpg','粉色',1499.00,12),
('小米Note2','小米note2全屏防摔','liebiao_xiaomint2.jpg','银灰色',2799.00,12),
('小米MIX','Xiaomi/小米 小米mix','liebiao_xiaomimix.jpg','亮黑色',3499.00,12),
('小米5s','Xiaomi/小米 小米手机5s','liebiao_xiaomi5s.jpg','亮黑色',1999.00,12),
('小米5s Plus','Xiaomi/小米 ','xm5Splus.jpg','银白色',1899.00,12),
('小米5','【64G低至988元起】','xm5-80.jpg','银白色',1799.00,13),
('小米Note4','小米note4','hmn4x80.png','蓝色',1499.00,13),
('红米Note-4','红米NOTE4','hmnote4-80.jpg','白色',1399.00,13),
('红米4x','适用红米4x','hm4x_80.png','白色',1299.00,13),
('红米4','红米4全屏','hm4-80.jpg','白色',999,13),
('红米4A','红米4A-人脸解锁Xiaomi/小米','hm4A-80.jpg','粉色',1000.00,13),
#14  15
('小米6','变焦双摄，4轴防抖骁龙835 旗舰处理器','liebiao_xiaomi6.jpg','亮黑色',2499.00,14),
('小米5c','Xiaomi/小米 小米手机5c ','liebiao_xiaomi5c.jpg','粉色',1499.00,14),
('小米Note2','小米note2全屏防摔','liebiao_xiaomint2.jpg','银灰色',2799.00,14),
('小米MIX','Xiaomi/小米 小米mix','liebiao_xiaomimix.jpg','亮黑色',3499.00,14),
('小米5s','Xiaomi/小米 小米手机5s','liebiao_xiaomi5s.jpg','亮黑色',1999.00,14),
('小米5s Plus','Xiaomi/小米 ','xm5Splus.jpg','银白色',1899.00,14),
#16   17    18
('小米6','变焦双摄，4轴防抖骁龙835 旗舰处理器','liebiao_xiaomi6.jpg','亮黑色',2499.00,16),
('小米5c','Xiaomi/小米 小米手机5c ','liebiao_xiaomi5c.jpg','粉色',1499.00,16),
('小米Note2','小米note2全屏防摔','liebiao_xiaomint2.jpg','银灰色',2799.00,17),
('小米MIX','Xiaomi/小米 小米mix','liebiao_xiaomimix.jpg','亮黑色',3499.00,17),
('小米5s','Xiaomi/小米 小米手机5s','liebiao_xiaomi5s.jpg','亮黑色',1999.00,18),
('小米5s Plus','Xiaomi/小米 ','xm5Splus.jpg','银白色',1899.00,18),

#19   20   21   22

('小米6','变焦双摄，4轴防抖骁龙835 旗舰处理器','liebiao_xiaomi6.jpg','亮黑色',2499.00,19),
('小米5c','Xiaomi/小米 小米手机5c ','liebiao_xiaomi5c.jpg','粉色',1499.00,19),
('小米Note2','小米note2全屏防摔','liebiao_xiaomint2.jpg','银灰色',2799.00,19),
('小米MIX','Xiaomi/小米 小米mix','liebiao_xiaomimix.jpg','亮黑色',3499.00,19),
('小米5s','Xiaomi/小米 小米手机5s','liebiao_xiaomi5s.jpg','亮黑色',1999.00,19),
('小米5s Plus','Xiaomi/小米 ','xm5Splus.jpg','银白色',1899.00,19),
#23   24
('小米6','变焦双摄，4轴防抖骁龙835 旗舰处理器','liebiao_xiaomi6.jpg','亮黑色',2499.00,23),
('小米5c','Xiaomi/小米 小米手机5c ','liebiao_xiaomi5c.jpg','粉色',1499.00,23),
('小米Note2','小米note2全屏防摔','liebiao_xiaomint2.jpg','银灰色',2799.00,23),
('小米MIX','Xiaomi/小米 小米mix','liebiao_xiaomimix.jpg','亮黑色',3499.00,24),
('小米5s','Xiaomi/小米 小米手机5s','liebiao_xiaomi5s.jpg','亮黑色',1999.00,24),
('小米5s Plus','Xiaomi/小米 ','xm5Splus.jpg','银白色',1899.00,24),
#25
('红米6','变焦双摄，4轴防抖骁龙835 旗舰处理器','liebiao_xiaomi6.jpg','亮黑色',2499.00,25),
('红米5c','Xiaomi/红米 红米手机5c ','liebiao_xiaomi5c.jpg','粉色',1499.00,25),
('红米Note2','红米note2全屏防摔','liebiao_xiaomint2.jpg','银灰色',2799.00,25),
('红米MIX','Xiaomi/红米 红米mix','liebiao_xiaomimix.jpg','亮黑色',3499.00,25),
('红米5s','Xiaomi/红米 红米手机5s','liebiao_xiaomi5s.jpg','亮黑色',1999.00,25),
('红米5s Plus','Xiaomi/红米 ','xm5Splus.jpg','银白色',1899.00,25),
('红米5','【64G低至988元起】','xm5-80.jpg','银白色',1799.00,25),
('红米Note4','红米note4','hmn4x80.png','蓝色',1499.00,25),
('红米Note-4','红米NOTE4','hmnote4-80.jpg','白色',1399.00,25),
('红米4x','适用红米4x','hm4x_80.png','白色',1299.00,25);








